﻿<?xml version="1.0" encoding="utf-8"?>

<Defs>
  <FacialStuff.Defs.AnimationTargetDef>
    <defName>PawnAnimatorSettingsVanilla</defName>
    <label>Animation comp loader</label>
    <thingClass>Thing</thingClass>
  <!-- Use this file to add the initial component to animals. FS prefers the BodyAnimDefs  -->
    <CompLoaderTargets>
      <li>
        <handTexPath>Things/Pawn/Animal/Paws/Animal_Foot</handTexPath>
        <footTexPath>Things/Pawn/Animal/Paws/Animal_Foot</footTexPath>
        <quadruped>true</quadruped>
        <thingTargets>
          <li>YorkshireTerrier</li>
          <li>Husky</li>
          <li>LabradorRetriever</li>
          <li>Cat</li>
          <li>Boomrat</li>
          <li>Boomalope</li>
          <li>Deer</li>
          <li>Ibex</li>
          <li>Donkey</li>
        </thingTargets>
      </li>
      <li>
        <handTexPath>Things/Pawn/Animal/Paws/Animal_Foot</handTexPath>
        <footTexPath>Things/Pawn/Animal/Paws/Animal_Foot</footTexPath>
        <thingTargets>
          <li>Caribou</li>
          <li>Tortoise</li>
          <li>WildBoar</li>
          <li>Elk</li>
        </thingTargets>
      </li>
      <li>
        <handTexPath>Things/Pawn/Animal/Paws/Animal_Foot</handTexPath>
        <footTexPath>Things/Pawn/Animal/Paws/Animal_Foot</footTexPath>
        <quadruped>true</quadruped>
        <armLength>0</armLength>
        <extraLegLength>0.425</extraLegLength>
        <hipOffsets>
          <li>
            <x>0.925</x>
            <y>0.025</y>
            <z>-0.025</z>
          </li>
          <li>
            <x>-0.9</x>
            <y>0.025</y>
            <z>0</z>
          </li>
          <li>
            <x>-0.925</x>
            <y>0.025</y>
            <z>0.975</z>
          </li>
          <li>
            <x>0.9</x>
            <y>-0.025</y>
            <z>0</z>
          </li>
        </hipOffsets>
        <shoulderOffsets>
          <li>
            <x>0.95</x>
            <y>0.025</y>
            <z>1.5</z>
          </li>
          <li>
            <x>0.7</x>
            <y>0.025</y>
            <z>0</z>
          </li>
          <li>
            <x>-0.95</x>
            <y>0.025</y>
            <z>0</z>
          </li>
          <li>
            <x>-0.7</x>
            <y>-0.025</y>
            <z>0</z>
          </li>
        </shoulderOffsets>

        <thingTargets>
          <li>Mech_Centipede</li>
        </thingTargets>
      </li>
      <li>
        <handTexPath>Things/Pawn/Animal/Paws/Animal_Foot</handTexPath>
        <footTexPath>Things/Pawn/Animal/Paws/Animal_Foot</footTexPath>
        <bipedWithHands>true</bipedWithHands>
        <thingTargets>
          <li>Mech_Scyther</li>
        </thingTargets>
      </li>

    </CompLoaderTargets>
  </FacialStuff.Defs.AnimationTargetDef>
</Defs>